id,first_name,last_name,email,gender
1,Ella,Imlin,eimlin0@aol.com,Genderqueer
2,Abie,Mawman,amawman1@techcrunch.com,Bigender
3,Jeffy,Fillery,jfillery2@mac.com,Agender
4,Ron,Cant,rcant3@wikia.com,Bigender
5,Rafferty,Grigolashvill,rgrigolashvill4@aboutads.info,Non-binary
6,Blisse,Neachell,bneachell5@cnet.com,Agender
7,Gerrilee,Partridge,gpartridge6@ted.com,Polygender
8,Meghan,Torritti,mtorritti7@altervista.org,Male
9,Sayre,Honeyghan,shoneyghan8@youku.com,Polygender
10,Wiatt,Simmonett,wsimmonett9@drupal.org,Genderqueer
11,Alleen,Shadwick,ashadwicka@infoseek.co.jp,Agender
12,Trudy,Pittam,tpittamb@arizona.edu,Bigender
13,Susanetta,Nappin,snappinc@blogtalkradio.com,Genderfluid
14,Jolie,Aleksankin,jaleksankind@usda.gov,Male
15,Elbertina,Capps,ecappse@discovery.com,Male
16,Juliann,Kroch,jkrochf@ow.ly,Genderqueer
17,Felisha,Arendsen,farendseng@ocn.ne.jp,Female
18,Melonie,Vedyasov,mvedyasovh@dailymotion.com,Female
19,Mordy,Hoble,mhoblei@nature.com,Genderqueer
20,Kaitlyn,Lippard,klippardj@huffingtonpost.com,Male
21,Avrit,Lapley,alapleyk@oaic.gov.au,Bigender
22,Jeddy,Ekins,jekinsl@last.fm,Genderfluid
23,Abbey,Keneforde,akenefordem@smugmug.com,Agender
24,Freeland,Verry,fverryn@addtoany.com,Non-binary
25,Orazio,Jurek,ojureko@geocities.jp,Agender
26,Julianna,Chastney,jchastneyp@delicious.com,Bigender
27,Jaynell,Melton,jmeltonq@webmd.com,Non-binary
28,Cristi,Sherborn,csherbornr@unicef.org,Genderfluid
29,Say,Feavers,sfeaverss@infoseek.co.jp,Polygender
30,Laurence,Springer,lspringert@springer.com,Non-binary
31,Kacey,Bumphries,kbumphriesu@npr.org,Genderfluid
32,Cammy,Peddersen,cpeddersenv@bloomberg.com,Genderfluid
33,Vi,Ibberson,vibbersonw@unblog.fr,Polygender
34,Merridie,Beddows,mbeddowsx@uiuc.edu,Genderfluid
35,Giacobo,Cutsforth,gcutsforthy@tamu.edu,Bigender
36,Mabel,Sleaford,msleafordz@dmoz.org,Female
37,Zita,Tellenbrook,ztellenbrook10@mysql.com,Agender
38,Salomo,Kobus,skobus11@indiegogo.com,Male
39,Ashly,Kinney,akinney12@woothemes.com,Genderqueer
40,Terrel,Burdas,tburdas13@bluehost.com,Genderqueer
41,Jody,Cicchelli,jcicchelli14@foxnews.com,Bigender
42,Ralph,Ivancevic,rivancevic15@imageshack.us,Non-binary
43,Silvio,Acomb,sacomb16@nhs.uk,Bigender
44,Pierce,Chomicki,pchomicki17@symantec.com,Male
45,Shane,Creeber,screeber18@ucoz.ru,Bigender
46,Georgie,Poplee,gpoplee19@google.ru,Agender
47,Petronia,Jubert,pjubert1a@answers.com,Genderqueer
48,Coralyn,Filintsev,cfilintsev1b@scribd.com,Genderqueer
49,Lenora,Middle,lmiddle1c@usa.gov,Female
50,Marie-ann,M'Chirrie,mmchirrie1d@buzzfeed.com,Non-binary
51,Thorny,Houlston,thoulston1e@gnu.org,Female
52,Candida,Puzey,cpuzey1f@webmd.com,Bigender
53,Meara,Rottcher,mrottcher1g@csmonitor.com,Male
54,Marchall,Maddaford,mmaddaford1h@ted.com,Genderqueer
55,Marlow,Bonnell,mbonnell1i@tripadvisor.com,Bigender
56,Kamillah,De Cristofalo,kdecristofalo1j@skype.com,Genderqueer
57,Emmie,Jachimczak,ejachimczak1k@google.fr,Polygender
58,Mick,Baines,mbaines1l@github.com,Genderqueer
59,Harlen,Messer,hmesser1m@senate.gov,Bigender
60,Tabbitha,Goby,tgoby1n@cbslocal.com,Non-binary
61,Felicio,Alonso,falonso1o@ca.gov,Male
62,Augustin,MacColm,amaccolm1p@themeforest.net,Female
63,Gabriele,Headon,gheadon1q@yandex.ru,Female
64,Elsey,Cromly,ecromly1r@reference.com,Agender
65,Konstance,Gibard,kgibard1s@wikimedia.org,Genderfluid
66,Alfred,Clow,aclow1t@parallels.com,Non-binary
67,Gian,Laurenzi,glaurenzi1u@cbsnews.com,Agender
68,Lyell,Ducker,lducker1v@fotki.com,Non-binary
69,Emalia,Le Huquet,elehuquet1w@behance.net,Non-binary
70,Ermanno,Yepiskov,eyepiskov1x@weebly.com,Genderfluid
71,Clerkclaude,Penwarden,cpenwarden1y@yelp.com,Genderfluid
72,Luci,Kertess,lkertess1z@sitemeter.com,Genderfluid
73,Shelagh,Barstowk,sbarstowk20@stumbleupon.com,Female
74,Timmy,Duffin,tduffin21@surveymonkey.com,Genderqueer
75,Cloe,Salzburg,csalzburg22@simplemachines.org,Polygender
76,Dacy,Rawsen,drawsen23@people.com.cn,Polygender
77,Claudia,Perks,cperks24@diigo.com,Agender
78,Isa,Nelson,inelson25@blog.com,Non-binary
79,Obie,Ferronel,oferronel26@state.gov,Polygender
80,Jaquith,Speechley,jspeechley27@google.pl,Non-binary
81,Chlo,MacEnelly,cmacenelly28@nymag.com,Female
82,Maure,Arstingall,marstingall29@nature.com,Non-binary
83,Adiana,Cashell,acashell2a@jugem.jp,Bigender
84,Aili,Goggin,agoggin2b@house.gov,Genderqueer
85,Boot,Yatman,byatman2c@squarespace.com,Non-binary
86,Ricky,Carbett,rcarbett2d@patch.com,Female
87,Randi,Freegard,rfreegard2e@goo.gl,Bigender
88,Freddie,Kidde,fkidde2f@gov.uk,Genderqueer
89,Arlina,Rivaland,arivaland2g@blog.com,Genderfluid
90,Salaidh,Money,smoney2h@opera.com,Genderqueer
91,Wiatt,Aldam,waldam2i@comcast.net,Female
92,Fawn,Willoughley,fwilloughley2j@reddit.com,Bigender
93,Antonia,De Few,adefew2k@telegraph.co.uk,Male
94,Lynde,Bordes,lbordes2l@newsvine.com,Bigender
95,Diannne,Pauleit,dpauleit2m@ifeng.com,Polygender
96,Moises,Bramelt,mbramelt2n@psu.edu,Bigender
97,Dominique,Sanham,dsanham2o@globo.com,Genderfluid
98,Saraann,Pessler,spessler2p@behance.net,Female
99,Janessa,Isakovic,jisakovic2q@jalbum.net,Genderfluid
100,Shaylah,Dawson,sdawson2r@tinypic.com,Bigender
101,Brandie,Luttger,bluttger2s@liveinternet.ru,Genderfluid
102,Marwin,Ulyatt,mulyatt2t@wikispaces.com,Polygender
103,Davin,Echallie,dechallie2u@irs.gov,Genderfluid
104,Barnard,Jezzard,bjezzard2v@163.com,Female
105,Karry,Brightwell,kbrightwell2w@smugmug.com,Genderfluid
106,Consalve,Semark,csemark2x@guardian.co.uk,Agender
107,Tamarra,Forson,tforson2y@scribd.com,Agender
108,Richie,Flescher,rflescher2z@wisc.edu,Male
109,Jerrilyn,Hookes,jhookes30@intel.com,Agender
110,Sutherland,Bullion,sbullion31@pen.io,Agender
111,Carol-jean,Klementz,cklementz32@icio.us,Polygender
112,Donavon,Hughill,dhughill33@homestead.com,Genderfluid
113,Gael,McCrohon,gmccrohon34@irs.gov,Male
114,Max,Houchin,mhouchin35@howstuffworks.com,Female
115,Sancho,Dimelow,sdimelow36@netlog.com,Genderfluid
116,Kendre,Zanardii,kzanardii37@ihg.com,Agender
117,Thibaud,Tripet,ttripet38@hp.com,Bigender
118,Anallese,Van Rembrandt,avanrembrandt39@usnews.com,Genderqueer
119,Nicolina,Thinn,nthinn3a@goo.gl,Agender
120,Hube,Croysdale,hcroysdale3b@stanford.edu,Agender
121,Kizzee,Quarles,kquarles3c@ihg.com,Non-binary
122,Clerkclaude,Sebire,csebire3d@miibeian.gov.cn,Male
123,Inez,Devon,idevon3e@cdc.gov,Female
124,Cory,Matiebe,cmatiebe3f@msn.com,Bigender
125,Lothaire,Carne,lcarne3g@nature.com,Genderqueer
126,Waneta,Pitrelli,wpitrelli3h@fema.gov,Agender
127,Berri,Keston,bkeston3i@dot.gov,Bigender
128,Zahara,Cattrell,zcattrell3j@fda.gov,Genderfluid
129,Sherie,Orris,sorris3k@tumblr.com,Agender
130,Barth,Colpus,bcolpus3l@domainmarket.com,Bigender
131,Brandise,Engley,bengley3m@ucla.edu,Bigender
132,Reed,Quig,rquig3n@tamu.edu,Non-binary
133,Carling,Rushmere,crushmere3o@buzzfeed.com,Bigender
134,Derby,Manginot,dmanginot3p@51.la,Male
135,Caresse,Tinman,ctinman3q@mail.ru,Bigender
136,Olin,Loomes,oloomes3r@artisteer.com,Genderqueer
137,Abram,Borrowman,aborrowman3s@barnesandnoble.com,Bigender
138,Templeton,Chappelle,tchappelle3t@blogger.com,Polygender
139,Gwennie,Tregensoe,gtregensoe3u@biglobe.ne.jp,Non-binary
140,Lib,Caze,lcaze3v@salon.com,Genderfluid
141,Bibbie,Whalley,bwhalley3w@bigcartel.com,Agender
142,Brandi,Colville,bcolville3x@about.me,Polygender
143,Livy,Kissock,lkissock3y@purevolume.com,Genderfluid
144,Dani,Silbert,dsilbert3z@booking.com,Genderfluid
145,Granthem,Weymont,gweymont40@sciencedirect.com,Bigender
146,Anatola,Durrad,adurrad41@psu.edu,Female
147,Alexio,Steart,asteart42@alexa.com,Genderqueer
148,Rosabelle,Marrian,rmarrian43@studiopress.com,Polygender
149,Dita,Antunez,dantunez44@newyorker.com,Genderqueer
150,Gavra,Tyres,gtyres45@illinois.edu,Non-binary
151,Brantley,Domini,bdomini46@ifeng.com,Female
152,Agatha,Lean,alean47@ucoz.ru,Genderqueer
153,Budd,Hoodspeth,bhoodspeth48@printfriendly.com,Polygender
154,Ofelia,Bygott,obygott49@simplemachines.org,Genderqueer
155,Aharon,Prati,aprati4a@php.net,Female
156,Tobe,Furze,tfurze4b@dedecms.com,Genderfluid
157,Ray,McBrearty,rmcbrearty4c@cmu.edu,Bigender
158,Kerwinn,Danielsson,kdanielsson4d@twitpic.com,Male
159,Ediva,Mowle,emowle4e@mtv.com,Genderqueer
160,Serena,Harriskine,sharriskine4f@wikimedia.org,Agender
161,Theo,Parham,tparham4g@gizmodo.com,Female
162,Nollie,Suddick,nsuddick4h@weebly.com,Female
163,Giulietta,Snailham,gsnailham4i@ow.ly,Bigender
164,Cathe,Dymidowski,cdymidowski4j@smh.com.au,Female
165,Glenn,Huddy,ghuddy4k@economist.com,Genderqueer
166,Olivia,Lightfoot,olightfoot4l@about.me,Non-binary
167,Gaile,Phelp,gphelp4m@diigo.com,Female
168,Dru,Pues,dpues4n@adobe.com,Genderqueer
169,Thaddeus,McNiff,tmcniff4o@angelfire.com,Female
170,Leigh,Hagwood,lhagwood4p@dedecms.com,Genderfluid
171,Geri,Edgcombe,gedgcombe4q@friendfeed.com,Non-binary
172,Bobbee,Bremen,bbremen4r@msn.com,Genderqueer
173,Obidiah,Janisson,ojanisson4s@bbb.org,Female
174,Padget,Izen,pizen4t@cisco.com,Genderfluid
175,Renee,Southwick,rsouthwick4u@msu.edu,Male
176,Benjie,MacGarrity,bmacgarrity4v@admin.ch,Genderfluid
177,Shelly,Coule,scoule4w@wsj.com,Agender
178,Dayle,Gammack,dgammack4x@usda.gov,Bigender
179,Shellie,Beet,sbeet4y@huffingtonpost.com,Agender
180,Pablo,Trimbey,ptrimbey4z@lycos.com,Non-binary
181,Fannie,Byre,fbyre50@discovery.com,Bigender
182,Angil,Ellerby,aellerby51@dailymotion.com,Male
183,Alisa,Bubeer,abubeer52@ftc.gov,Agender
184,Brendin,Houdmont,bhoudmont53@github.com,Male
185,Candis,Clowley,cclowley54@gov.uk,Agender
186,Noll,Straniero,nstraniero55@mozilla.org,Genderqueer
187,Maryl,Rupel,mrupel56@tripod.com,Genderqueer
188,Domenic,Kleisel,dkleisel57@boston.com,Polygender
189,Nicko,Grass,ngrass58@wix.com,Male
190,Jo-anne,McCarlich,jmccarlich59@usa.gov,Agender
191,Tomlin,Vasyaev,tvasyaev5a@addthis.com,Agender
192,Sandye,Logue,slogue5b@bing.com,Agender
193,Micah,McNally,mmcnally5c@list-manage.com,Female
194,Kynthia,McCague,kmccague5d@de.vu,Bigender
195,Rona,Shiels,rshiels5e@trellian.com,Non-binary
196,Nissy,Dei,ndei5f@fotki.com,Non-binary
197,Connie,Jakeway,cjakeway5g@illinois.edu,Non-binary
198,Kit,O'Codihie,kocodihie5h@google.nl,Non-binary
199,Johnna,Baversor,jbaversor5i@theatlantic.com,Male
200,Maurene,Skewes,mskewes5j@un.org,Genderfluid
201,Iver,Wallbutton,iwallbutton5k@nhs.uk,Genderqueer
202,Gelya,Sinnat,gsinnat5l@eepurl.com,Non-binary
203,Reine,Ccomini,rccomini5m@vimeo.com,Genderqueer
204,Lotty,Bithany,lbithany5n@auda.org.au,Polygender
205,Carlye,O'Hagerty,cohagerty5o@wisc.edu,Genderqueer
206,Stearne,Krolak,skrolak5p@google.cn,Male
207,Eduardo,Rowthorne,erowthorne5q@bbc.co.uk,Genderqueer
208,Norbie,Zannutti,nzannutti5r@creativecommons.org,Polygender
209,Micheal,Lyall,mlyall5s@pbs.org,Genderqueer
210,Fernando,Agiolfinger,fagiolfinger5t@dailymotion.com,Genderqueer
211,Ken,De Courtney,kdecourtney5u@cafepress.com,Female
212,Margalit,Burdis,mburdis5v@elegantthemes.com,Polygender
213,Susanne,Kulic,skulic5w@xinhuanet.com,Male
214,Madelyn,Spore,mspore5x@yahoo.co.jp,Bigender
215,Phyllida,Prangle,pprangle5y@ustream.tv,Non-binary
216,Gannon,O'Kinedy,gokinedy5z@patch.com,Male
217,Calley,Boden,cboden60@ibm.com,Genderqueer
218,Gardiner,Gail,ggail61@umich.edu,Female
219,Chane,Kitteman,ckitteman62@taobao.com,Female
220,Hubert,Pay,hpay63@moonfruit.com,Genderqueer
221,Alvin,Banaszewski,abanaszewski64@spotify.com,Polygender
222,Marieann,Lloyds,mlloyds65@fc2.com,Female
223,Rosanne,Scates,rscates66@typepad.com,Non-binary
224,Sheryl,Merriman,smerriman67@slashdot.org,Non-binary
225,Bennie,Illingsworth,billingsworth68@unc.edu,Non-binary
226,Gerhard,Solloway,gsolloway69@senate.gov,Non-binary
227,Cathi,Ungerer,cungerer6a@huffingtonpost.com,Female
228,Nathanial,Wardroper,nwardroper6b@wunderground.com,Genderfluid
229,Lauree,Brogi,lbrogi6c@pcworld.com,Male
230,Selene,Deverille,sdeverille6d@imgur.com,Non-binary
231,Carolin,Twigger,ctwigger6e@bbb.org,Polygender
232,Sigvard,Zupo,szupo6f@independent.co.uk,Non-binary
233,Mollee,Beyer,mbeyer6g@admin.ch,Female
234,Suzi,Loudian,sloudian6h@domainmarket.com,Non-binary
235,Ivett,Burril,iburril6i@rambler.ru,Male
236,Emili,Gaine of England,egaineofengland6j@clickbank.net,Polygender
237,Devi,Pulver,dpulver6k@feedburner.com,Bigender
238,Martyn,Gottelier,mgottelier6l@intel.com,Agender
239,Worden,Allchorne,wallchorne6m@elegantthemes.com,Male
240,Myer,Pelz,mpelz6n@odnoklassniki.ru,Genderfluid
241,Elsa,Maykin,emaykin6o@si.edu,Male
242,Oriana,Schulke,oschulke6p@wikimedia.org,Male
243,Lionel,Artindale,lartindale6q@xing.com,Male
244,Leanna,Gebbie,lgebbie6r@last.fm,Male
245,Ruthi,Pennings,rpennings6s@psu.edu,Genderfluid
246,Prudy,Colicot,pcolicot6t@tmall.com,Male
247,Birgitta,Harcombe,bharcombe6u@noaa.gov,Agender
248,Fanni,Petrello,fpetrello6v@census.gov,Non-binary
249,Farra,Hurdman,fhurdman6w@ted.com,Male
250,Roderigo,Summerly,rsummerly6x@washingtonpost.com,Genderqueer
251,Rebecca,Marchiso,rmarchiso6y@newyorker.com,Genderfluid
252,Hadrian,Culter,hculter6z@washington.edu,Polygender
253,Bevin,Riccione,briccione70@mac.com,Polygender
254,Benedikt,Attril,battril71@prnewswire.com,Female
255,Rudd,Rickersy,rrickersy72@about.me,Male
256,Ansel,Carlisi,acarlisi73@seesaa.net,Genderqueer
257,Granger,Simounet,gsimounet74@wordpress.com,Male
258,Lenora,Madrell,lmadrell75@nymag.com,Agender
259,Cheryl,Hubery,chubery76@yelp.com,Bigender
260,Sebastien,Pierson,spierson77@sciencedaily.com,Male
261,Marshal,Littlejohns,mlittlejohns78@arstechnica.com,Female
262,Erie,Harsant,eharsant79@mozilla.com,Agender
263,Marj,Mash,mmash7a@plala.or.jp,Genderfluid
264,Willa,McWhorter,wmcwhorter7b@a8.net,Non-binary
265,Nadia,Spelman,nspelman7c@disqus.com,Bigender
266,Cornelia,Druitt,cdruitt7d@psu.edu,Non-binary
267,Caria,Osichev,cosichev7e@skyrock.com,Genderfluid
268,Jessee,Tibbotts,jtibbotts7f@pbs.org,Genderfluid
269,Jessee,Mitkcov,jmitkcov7g@dailymotion.com,Agender
270,Kendre,Burnapp,kburnapp7h@ftc.gov,Male
271,Sayre,Grent,sgrent7i@loc.gov,Male
272,Ingamar,Antczak,iantczak7j@japanpost.jp,Female
273,Nan,Cure,ncure7k@nydailynews.com,Agender
274,Lyn,Ilyasov,lilyasov7l@oaic.gov.au,Polygender
275,Derry,Rebillard,drebillard7m@addtoany.com,Male
276,Barbabas,MacArte,bmacarte7n@godaddy.com,Female
277,Rowland,O'Devey,rodevey7o@paginegialle.it,Bigender
278,Helaina,Caret,hcaret7p@blogs.com,Genderfluid
279,Jobi,Layman,jlayman7q@pagesperso-orange.fr,Bigender
280,Collette,McGrowther,cmcgrowther7r@reverbnation.com,Male
281,Torrence,Matthew,tmatthew7s@microsoft.com,Bigender
282,Ashley,Sam,asam7t@cpanel.net,Male
283,Lira,Pound,lpound7u@quantcast.com,Polygender
284,Maddy,Tibalt,mtibalt7v@usgs.gov,Genderqueer
285,Giffard,Feirn,gfeirn7w@tripadvisor.com,Genderfluid
286,Gunther,Lorant,glorant7x@yandex.ru,Agender
287,Levey,Davey,ldavey7y@amazon.co.uk,Agender
288,Albert,Haithwaite,ahaithwaite7z@live.com,Male
289,Sutton,Hearst,shearst80@wsj.com,Male
290,Cherianne,Lochet,clochet81@tinyurl.com,Genderfluid
291,Louis,Botton,lbotton82@umn.edu,Polygender
292,Deane,Stoate,dstoate83@storify.com,Non-binary
293,Joellen,Shopcott,jshopcott84@linkedin.com,Non-binary
294,Maudie,Dransfield,mdransfield85@unicef.org,Female
295,Gerri,Gligorijevic,ggligorijevic86@dagondesign.com,Male
296,Crissie,Canto,ccanto87@ucla.edu,Female
297,Shela,Boatright,sboatright88@live.com,Non-binary
298,Ilsa,Hawney,ihawney89@imageshack.us,Genderfluid
299,Nan,Sherwen,nsherwen8a@pinterest.com,Bigender
300,Giselle,Mattiazzo,gmattiazzo8b@webmd.com,Female
301,Andy,Minto,aminto8c@berkeley.edu,Polygender
302,Osborn,Wisby,owisby8d@live.com,Agender
303,Moishe,Curzon,mcurzon8e@businessinsider.com,Genderqueer
304,Ingeborg,Eveleigh,ieveleigh8f@newyorker.com,Male
305,Ebony,Cuel,ecuel8g@loc.gov,Polygender
306,Vanny,Zupone,vzupone8h@netvibes.com,Genderfluid
307,Gale,Behnke,gbehnke8i@census.gov,Bigender
308,Mariska,Roux,mroux8j@sphinn.com,Non-binary
309,Linnet,Solomonides,lsolomonides8k@vimeo.com,Agender
310,Jewelle,Roark,jroark8l@constantcontact.com,Male
311,Roseanne,Chatburn,rchatburn8m@usnews.com,Female
312,Claude,Fishbourne,cfishbourne8n@amazon.de,Non-binary
313,Sile,Lindegard,slindegard8o@hc360.com,Agender
314,Christy,Gellan,cgellan8p@gnu.org,Agender
315,Terrance,Shemilt,tshemilt8q@naver.com,Female
316,Derrek,Cadell,dcadell8r@163.com,Male
317,Brit,Smeeton,bsmeeton8s@slideshare.net,Bigender
318,Emelina,Pocke,epocke8t@yolasite.com,Agender
319,Jaclyn,Carvell,jcarvell8u@shareasale.com,Female
320,Gretna,Gersam,ggersam8v@acquirethisname.com,Female
321,Hilliary,Galler,hgaller8w@marriott.com,Polygender
322,Garret,Driffield,gdriffield8x@spiegel.de,Genderfluid
323,Lee,Hutchin,lhutchin8y@sciencedirect.com,Polygender
324,Charmane,Drayn,cdrayn8z@ebay.co.uk,Bigender
325,Gillian,Bonney,gbonney90@t-online.de,Female
326,Ame,Hanshaw,ahanshaw91@myspace.com,Genderfluid
327,Sonnie,Athowe,sathowe92@ifeng.com,Male
328,Jarid,Belz,jbelz93@feedburner.com,Polygender
329,Demetris,Deakes,ddeakes94@yale.edu,Bigender
330,Cele,Symes,csymes95@simplemachines.org,Male
331,Peg,MacAiline,pmacailine96@cafepress.com,Non-binary
332,Tiffie,Smidmor,tsmidmor97@imgur.com,Genderfluid
333,Shurlocke,Lidden,slidden98@altervista.org,Bigender
334,Bram,Yakutin,byakutin99@independent.co.uk,Polygender
335,Carce,Meineken,cmeineken9a@surveymonkey.com,Genderfluid
336,Hal,Bowfin,hbowfin9b@wikimedia.org,Agender
337,Wittie,Beeres,wbeeres9c@gov.uk,Genderfluid
338,Obadias,Ambroz,oambroz9d@friendfeed.com,Agender
339,Evonne,Harme,eharme9e@behance.net,Male
340,Lacey,Dabnot,ldabnot9f@apple.com,Genderfluid
341,Ham,Landrean,hlandrean9g@bandcamp.com,Female
342,Zora,Yantsev,zyantsev9h@jugem.jp,Male
343,Christye,Dominelli,cdominelli9i@github.io,Agender
344,Reggis,O'Bradane,robradane9j@cdc.gov,Female
345,Hobie,Bennion,hbennion9k@wisc.edu,Polygender
346,Morton,Jellman,mjellman9l@nih.gov,Non-binary
347,Bonnie,Jimenez,bjimenez9m@disqus.com,Non-binary
348,Hersh,Byass,hbyass9n@economist.com,Female
349,Claude,Piddington,cpiddington9o@sun.com,Non-binary
350,Angela,Tack,atack9p@ehow.com,Female
351,Sibylle,Chelnam,schelnam9q@house.gov,Agender
352,Dorena,Fernley,dfernley9r@comsenz.com,Genderfluid
353,Hal,Souness,hsouness9s@histats.com,Female
354,Jay,Brewood,jbrewood9t@ameblo.jp,Male
355,Esmeralda,Imesen,eimesen9u@ucoz.ru,Female
356,Valerie,Risley,vrisley9v@tamu.edu,Bigender
357,Hermy,Ipsley,hipsley9w@mtv.com,Bigender
358,Burk,Longworthy,blongworthy9x@jiathis.com,Agender
359,Tarrance,Miles,tmiles9y@xing.com,Agender
360,Rhodia,Ilson,rilson9z@google.fr,Bigender
361,Dorey,Visick,dvisicka0@netvibes.com,Polygender
362,Adan,Harral,aharrala1@livejournal.com,Non-binary
363,Georgiana,McGreay,gmcgreaya2@merriam-webster.com,Non-binary
364,Yance,Whittington,ywhittingtona3@issuu.com,Agender
365,Jess,Bikker,jbikkera4@reverbnation.com,Male
366,Jacquie,Gravet,jgraveta5@mlb.com,Genderqueer
367,Leopold,Lapping,llappinga6@huffingtonpost.com,Genderfluid
368,Gregory,O'Giany,gogianya7@marketwatch.com,Polygender
369,Dmitri,Fullegar,dfullegara8@dion.ne.jp,Polygender
370,Flem,Janous,fjanousa9@plala.or.jp,Bigender
371,Eadmund,Cayette,ecayetteaa@bloglovin.com,Genderfluid
372,Charmaine,Mullane,cmullaneab@pcworld.com,Non-binary
373,Tina,Gallichan,tgallichanac@cnn.com,Polygender
374,Lesli,Crowdace,lcrowdacead@t.co,Bigender
375,Patrice,Broxholme,pbroxholmeae@adobe.com,Agender
376,Garrard,Lovelace,glovelaceaf@indiatimes.com,Agender
377,Dareen,Itzcovich,ditzcovichag@cdbaby.com,Female
378,Quinlan,Plan,qplanah@istockphoto.com,Genderfluid
379,Dasya,Korf,dkorfai@goo.gl,Polygender
380,Biron,Ceely,bceelyaj@icio.us,Genderfluid
381,Philis,McFeat,pmcfeatak@spiegel.de,Male
382,Anica,Spurgin,aspurginal@desdev.cn,Female
383,Gerrilee,Prugel,gprugelam@altervista.org,Female
384,Nicolette,Elington,nelingtonan@si.edu,Genderfluid
385,Gwenny,Carwardine,gcarwardineao@devhub.com,Genderfluid
386,Catie,Morrad,cmorradap@seattletimes.com,Male
387,Earle,Masurel,emasurelaq@yolasite.com,Genderqueer
388,Quentin,MacArte,qmacartear@is.gd,Polygender
389,Maurizio,Escudier,mescudieras@homestead.com,Agender
390,Lanita,Boud,lboudat@blogspot.com,Non-binary
391,Cleopatra,Dot,cdotau@blogger.com,Non-binary
392,Kevin,Baldree,kbaldreeav@theatlantic.com,Genderqueer
393,Dulcie,Vanyashkin,dvanyashkinaw@jimdo.com,Genderfluid
394,Ileane,Lucius,iluciusax@goo.ne.jp,Genderqueer
395,Shirlee,Rolfo,srolfoay@trellian.com,Genderfluid
396,Morissa,Arrighetti,marrighettiaz@state.tx.us,Polygender
397,Ronna,Blanchette,rblanchetteb0@yellowpages.com,Agender
398,Katuscha,Attwooll,kattwoollb1@princeton.edu,Male
399,Ab,Caudle,acaudleb2@foxnews.com,Polygender
400,Marchall,Habbal,mhabbalb3@comcast.net,Genderqueer
401,Duky,Hancke,dhanckeb4@netscape.com,Genderfluid
402,Noah,Chazelas,nchazelasb5@360.cn,Bigender
403,Vaclav,McGarrie,vmcgarrieb6@php.net,Genderfluid
404,Fredek,Bernardi,fbernardib7@histats.com,Agender
405,Grazia,Skacel,gskacelb8@goo.gl,Bigender
406,Shell,Dienes,sdienesb9@rambler.ru,Bigender
407,Madelina,Merrett,mmerrettba@bloglovin.com,Agender
408,Dolly,Muttitt,dmuttittbb@buzzfeed.com,Male
409,Arv,Giraudoux,agiraudouxbc@narod.ru,Female
410,Darrell,Coyett,dcoyettbd@privacy.gov.au,Male
411,Lynette,Meardon,lmeardonbe@printfriendly.com,Female
412,Ced,Slayton,cslaytonbf@hatena.ne.jp,Agender
413,Bernadina,Jellybrand,bjellybrandbg@hud.gov,Agender
414,Phil,Yankin,pyankinbh@cbsnews.com,Non-binary
415,Yehudi,Maase,ymaasebi@tmall.com,Genderqueer
416,Sharia,Schnieder,sschniederbj@e-recht24.de,Male
417,Clarisse,Palay,cpalaybk@deliciousdays.com,Agender
418,Reeba,Veivers,rveiversbl@stumbleupon.com,Genderfluid
419,Melonie,Landa,mlandabm@comcast.net,Bigender
420,Melesa,Blewitt,mblewittbn@opensource.org,Genderqueer
421,Hunt,Ballister,hballisterbo@behance.net,Genderqueer
422,Von,Gilroy,vgilroybp@virginia.edu,Non-binary
423,Savina,Pelos,spelosbq@sciencedirect.com,Polygender
424,Wiatt,Threlkeld,wthrelkeldbr@state.gov,Bigender
425,Mariele,Wallbanks,mwallbanksbs@canalblog.com,Genderfluid
426,Pavlov,Rubinowitsch,prubinowitschbt@shutterfly.com,Non-binary
427,Cori,Mansour,cmansourbu@slashdot.org,Bigender
428,Domenic,Demead,ddemeadbv@mashable.com,Genderfluid
429,Ettore,Roark,eroarkbw@cisco.com,Male
430,Anallese,Smithies,asmithiesbx@businessweek.com,Female
431,Lillis,Capini,lcapiniby@list-manage.com,Genderqueer
432,Vally,Lambertazzi,vlambertazzibz@apple.com,Genderfluid
433,Noll,Dearlove,ndearlovec0@twitter.com,Polygender
434,Clio,Edie,cediec1@vistaprint.com,Genderfluid
435,Elly,Rapsey,erapseyc2@ebay.co.uk,Agender
436,Sigismundo,Glackin,sglackinc3@unc.edu,Male
437,Yvette,Van der Son,yvandersonc4@plala.or.jp,Male
438,Lorri,Donke,ldonkec5@china.com.cn,Genderfluid
439,Yvette,Sowrey,ysowreyc6@harvard.edu,Female
440,Gaultiero,Follett,gfollettc7@unc.edu,Non-binary
441,Gordy,Awde,gawdec8@t.co,Genderfluid
442,Natasha,Moulton,nmoultonc9@ezinearticles.com,Bigender
443,Cass,Czaple,cczapleca@foxnews.com,Genderqueer
444,Clark,Arnoll,carnollcb@gnu.org,Genderqueer
445,Ogdon,Luisetti,oluisetticc@dropbox.com,Agender
446,Shirleen,Shephard,sshephardcd@indiegogo.com,Genderqueer
447,Torrey,Livings,tlivingsce@google.com,Polygender
448,Cherice,Boyfield,cboyfieldcf@msn.com,Genderfluid
449,Wendeline,Cornelis,wcorneliscg@cbsnews.com,Agender
450,Perice,de Glanville,pdeglanvillech@amazon.co.jp,Genderfluid
451,Valli,Blatcher,vblatcherci@auda.org.au,Male
452,Jerome,Spolton,jspoltoncj@ezinearticles.com,Agender
453,Noel,Rickcord,nrickcordck@phoca.cz,Polygender
454,Kirbee,Bellino,kbellinocl@accuweather.com,Genderfluid
455,Etty,Fishleigh,efishleighcm@seattletimes.com,Bigender
456,Valentine,Hacker,vhackercn@cnet.com,Genderqueer
457,Arvin,Vickarman,avickarmanco@alibaba.com,Female
458,Kai,Dmitriev,kdmitrievcp@soundcloud.com,Female
459,Adrea,Challicum,achallicumcq@mail.ru,Agender
460,Tasha,Thowes,tthowescr@wordpress.org,Genderqueer
461,Eveline,Parkin,eparkincs@tripod.com,Female
462,Amalie,Wozencraft,awozencraftct@wunderground.com,Agender
463,Orion,McGrory,omcgrorycu@soup.io,Genderfluid
464,Justine,Klaaassen,jklaaassencv@pagesperso-orange.fr,Non-binary
465,Normie,Endicott,nendicottcw@ucoz.ru,Female
466,Francoise,Seedman,fseedmancx@cdc.gov,Genderqueer
467,Lindi,Saipy,lsaipycy@miitbeian.gov.cn,Non-binary
468,Chad,Killcross,ckillcrosscz@ed.gov,Genderfluid
469,Elsbeth,Townshend,etownshendd0@gravatar.com,Agender
470,Kathie,Colleton,kcolletond1@tinyurl.com,Female
471,Cozmo,Gavin,cgavind2@economist.com,Polygender
472,Brook,Brunini,bbruninid3@rakuten.co.jp,Genderfluid
473,Bear,Vogele,bvogeled4@europa.eu,Female
474,Arther,Lammenga,alammengad5@state.gov,Genderqueer
475,Dew,Checo,dchecod6@chicagotribune.com,Genderqueer
476,Sophronia,Belk,sbelkd7@sitemeter.com,Female
477,Junina,Duran,jdurand8@stanford.edu,Non-binary
478,Selina,Pietron,spietrond9@xing.com,Bigender
479,Waite,Wordsley,wwordsleyda@samsung.com,Genderfluid
480,Freddie,Cappel,fcappeldb@nbcnews.com,Female
481,Loralee,Kighly,lkighlydc@omniture.com,Polygender
482,Anna-maria,McGrorty,amcgrortydd@diigo.com,Genderfluid
483,Gavin,Jemison,gjemisonde@ow.ly,Genderqueer
484,Chaddie,Chidley,cchidleydf@woothemes.com,Male
485,Horatio,McLoughlin,hmcloughlindg@youtu.be,Bigender
486,Rob,Vaux,rvauxdh@wired.com,Agender
487,Amble,Challener,achallenerdi@webs.com,Genderfluid
488,Worden,Earles,wearlesdj@redcross.org,Agender
489,Israel,Kirley,ikirleydk@google.nl,Genderqueer
490,Antone,Rolstone,arolstonedl@github.com,Bigender
491,Pebrook,Denness,pdennessdm@t.co,Non-binary
492,Caro,Bloxsome,cbloxsomedn@forbes.com,Female
493,Ely,Whitwham,ewhitwhamdo@cbsnews.com,Genderqueer
494,Joby,Butts,jbuttsdp@mail.ru,Polygender
495,Barbra,Henker,bhenkerdq@about.me,Genderqueer
496,Gustie,Oxburgh,goxburghdr@state.gov,Agender
497,Willyt,Piddle,wpiddleds@wikia.com,Female
498,Laurie,Manna,lmannadt@mac.com,Non-binary
499,Robinson,Greensted,rgreensteddu@phoca.cz,Male
500,Timmie,Pickin,tpickindv@google.com,Genderfluid
501,Lita,Olley,lolleydw@storify.com,Genderfluid
502,Crin,McClounan,cmcclounandx@cbc.ca,Genderfluid
503,Milzie,Burger,mburgerdy@furl.net,Polygender
504,Den,Argontt,dargonttdz@webs.com,Bigender
505,Bret,Serchwell,bserchwelle0@businesswire.com,Polygender
506,Nanice,Delong,ndelonge1@si.edu,Agender
507,Shelley,Royce,sroycee2@cornell.edu,Bigender
508,Siward,Willmore,swillmoree3@arstechnica.com,Polygender
509,Olenka,Broseman,obrosemane4@gnu.org,Bigender
510,Phelia,Rodge,prodgee5@slate.com,Genderfluid
511,Trish,Gabrieli,tgabrielie6@msn.com,Female
512,Dilly,Seggie,dseggiee7@apache.org,Non-binary
513,Sharlene,Starmer,sstarmere8@gizmodo.com,Female
514,Win,Jallin,wjalline9@ehow.com,Female
515,Harley,Bonney,hbonneyea@odnoklassniki.ru,Male
516,Stevie,Torrejon,storrejoneb@joomla.org,Agender
517,Beatrice,Ramm,brammec@hc360.com,Female
518,Joy,Moens,jmoensed@xrea.com,Bigender
519,Aurore,Orred,aorredee@java.com,Male
520,Filip,Kulas,fkulasef@unicef.org,Genderqueer
521,Jorry,Tindley,jtindleyeg@hc360.com,Female
522,Lydie,Caccavari,lcaccavarieh@ifeng.com,Agender
523,Fayette,Charte,fcharteei@csmonitor.com,Genderqueer
524,Daniella,Aylett,daylettej@wikipedia.org,Genderfluid
525,Beverley,Mc Cahey,bmccaheyek@twitter.com,Bigender
526,Roland,Derham,rderhamel@xing.com,Genderfluid
527,Amber,Matussow,amatussowem@altervista.org,Non-binary
528,Maighdiln,Twede,mtwedeen@microsoft.com,Genderfluid
529,Anstice,Shevelin,ashevelineo@skype.com,Genderqueer
530,Eliot,Filip,efilipep@cnn.com,Female
531,Dieter,Lowder,dlowdereq@microsoft.com,Agender
532,Hilario,Cassedy,hcassedyer@scribd.com,Female
533,Gideon,Godmer,ggodmeres@fema.gov,Female
534,Constance,Lewins,clewinset@technorati.com,Male
535,Clayson,Muncie,cmuncieeu@abc.net.au,Male
536,Vasilis,Stolberger,vstolbergerev@jimdo.com,Non-binary
537,Jarib,Matkin,jmatkinew@webs.com,Genderqueer
538,Steve,Danes,sdanesex@soundcloud.com,Female
539,Shurlock,Howe,showeey@tuttocitta.it,Genderfluid
540,Sim,Rapin,srapinez@liveinternet.ru,Polygender
541,Hamilton,Adriaens,hadriaensf0@mashable.com,Polygender
542,Britteny,Weaving,bweavingf1@elpais.com,Genderqueer
543,Georgi,Ebbotts,gebbottsf2@microsoft.com,Polygender
544,Emalee,Treffrey,etreffreyf3@taobao.com,Agender
545,Claire,Gallaccio,cgallacciof4@ycombinator.com,Genderfluid
546,Stevie,Cayser,scayserf5@meetup.com,Male
547,Reese,Silverlock,rsilverlockf6@hc360.com,Agender
548,Lorens,Maybury,lmayburyf7@kickstarter.com,Male
549,Finn,Saltman,fsaltmanf8@miibeian.gov.cn,Bigender
550,Cinderella,Berzin,cberzinf9@ted.com,Polygender
551,Julissa,Myrtle,jmyrtlefa@topsy.com,Genderfluid
552,Taryn,Edgett,tedgettfb@furl.net,Agender
553,Dodie,Tourot,dtourotfc@sourceforge.net,Non-binary
554,Car,Brisson,cbrissonfd@rambler.ru,Bigender
555,Merrily,Matteoni,mmatteonife@msn.com,Agender
556,Ashton,Mooring,amooringff@tripadvisor.com,Female
557,Renee,Harber,rharberfg@columbia.edu,Female
558,Darnell,Dubarry,ddubarryfh@harvard.edu,Agender
559,Georgi,McQuillen,gmcquillenfi@cbslocal.com,Non-binary
560,Appolonia,Wellbeloved,awellbelovedfj@narod.ru,Bigender
561,Athena,Marnes,amarnesfk@rakuten.co.jp,Bigender
562,Kacy,McCluskey,kmccluskeyfl@mit.edu,Genderfluid
563,Odelinda,Van Salzberger,ovansalzbergerfm@reddit.com,Genderqueer
564,Layla,Deary,ldearyfn@mtv.com,Non-binary
565,Tami,Emm,temmfo@usnews.com,Female
566,Martino,Dicks,mdicksfp@is.gd,Agender
567,Falkner,Georgiev,fgeorgievfq@vinaora.com,Polygender
568,Whitney,Blasio,wblasiofr@nhs.uk,Bigender
569,Karlotte,Danilchik,kdanilchikfs@apple.com,Non-binary
570,Corny,Gogay,cgogayft@yale.edu,Non-binary
571,Dix,Jills,djillsfu@cloudflare.com,Male
572,Ermin,Caudell,ecaudellfv@deliciousdays.com,Polygender
573,Bev,Ashpital,bashpitalfw@nifty.com,Female
574,Jimmie,Josebury,jjoseburyfx@sogou.com,Agender
575,Teressa,Giddens,tgiddensfy@ed.gov,Agender
576,Krishna,Darton,kdartonfz@google.com,Genderqueer
577,Ferris,Guerra,fguerrag0@bbc.co.uk,Male
578,Rochella,Mynett,rmynettg1@phpbb.com,Female
579,Frannie,Peagrim,fpeagrimg2@acquirethisname.com,Female
580,Kathi,Duchant,kduchantg3@icq.com,Female
581,Isadore,Brighty,ibrightyg4@spotify.com,Female
582,Ruthe,Lyles,rlylesg5@archive.org,Female
583,Viviana,Murford,vmurfordg6@flavors.me,Genderfluid
584,Clair,Munkley,cmunkleyg7@cbc.ca,Female
585,Giovanna,Fosserd,gfosserdg8@delicious.com,Agender
586,Luca,Cicconetti,lcicconettig9@domainmarket.com,Polygender
587,Judah,Bower,jbowerga@techcrunch.com,Polygender
588,Cam,Kane,ckanegb@wikia.com,Polygender
589,Filbert,Kondratenya,fkondratenyagc@myspace.com,Bigender
590,Molly,Piccop,mpiccopgd@java.com,Genderfluid
591,Susann,Durrett,sdurrettge@free.fr,Male
592,Brade,Volage,bvolagegf@cbslocal.com,Genderfluid
593,Ninetta,Brittoner,nbrittonergg@ebay.co.uk,Male
594,Clarita,Epton,ceptongh@economist.com,Genderqueer
595,Arlana,Grancher,agranchergi@barnesandnoble.com,Polygender
596,Cristiano,Smuth,csmuthgj@creativecommons.org,Female
597,Kerry,McKee,kmckeegk@engadget.com,Agender
598,Ulrich,Dumbrell,udumbrellgl@soundcloud.com,Male
599,Nelle,Fearnehough,nfearnehoughgm@lulu.com,Genderfluid
600,Paxton,Hyde-Chambers,phydechambersgn@yahoo.com,Polygender
601,Kyla,Markel,kmarkelgo@cbslocal.com,Genderfluid
602,Clarissa,Sainsbury,csainsburygp@howstuffworks.com,Polygender
603,Agosto,Gosling,agoslinggq@lycos.com,Genderfluid
604,Ariana,Lidierth,alidierthgr@hostgator.com,Genderfluid
605,Enriqueta,Waliszek,ewaliszekgs@g.co,Agender
606,Camella,Phillcock,cphillcockgt@netlog.com,Genderfluid
607,Grenville,Stookes,gstookesgu@cyberchimps.com,Agender
608,Hettie,Petegre,hpetegregv@newyorker.com,Genderqueer
609,Mannie,Bertwistle,mbertwistlegw@bing.com,Female
610,Burlie,MacQueen,bmacqueengx@biblegateway.com,Non-binary
611,Layton,Creigan,lcreigangy@omniture.com,Genderqueer
612,Jesus,Missen,jmissengz@bbb.org,Polygender
613,Ruthie,Culmer,rculmerh0@typepad.com,Female
614,Bibby,Lorking,blorkingh1@cocolog-nifty.com,Bigender
615,Mary,Eddowis,meddowish2@nationalgeographic.com,Non-binary
616,Hedy,Duignan,hduignanh3@clickbank.net,Non-binary
617,Vina,Benedikt,vbenedikth4@freewebs.com,Female
618,Chris,Feldhammer,cfeldhammerh5@tripod.com,Male
619,Giuditta,O'Moylane,gomoylaneh6@abc.net.au,Genderqueer
620,Heall,Stempe,hstempeh7@shareasale.com,Non-binary
621,Worth,Cod,wcodh8@is.gd,Female
622,Rip,Broxup,rbroxuph9@umich.edu,Male
623,Sutherland,Broose,sbrooseha@uiuc.edu,Agender
624,Pattie,Wigin,pwiginhb@census.gov,Agender
625,Wilbert,Petrina,wpetrinahc@google.pl,Male
626,Caritta,Gormley,cgormleyhd@usnews.com,Genderqueer
627,Masha,Tuffs,mtuffshe@dropbox.com,Agender
628,Euell,Volk,evolkhf@illinois.edu,Bigender
629,Jessalin,Fellowes,jfelloweshg@sohu.com,Non-binary
630,Franklyn,Haseman,fhasemanhh@themeforest.net,Non-binary
631,Galina,Birchall,gbirchallhi@eventbrite.com,Genderqueer
632,Marlo,Fuggle,mfugglehj@oracle.com,Polygender
633,Licha,Forlong,lforlonghk@stanford.edu,Bigender
634,Halie,Wiles,hwileshl@prlog.org,Agender
635,Genia,Witchalls,gwitchallshm@youtube.com,Genderqueer
636,Danie,Saintpierre,dsaintpierrehn@behance.net,Male
637,Nicol,Tour,ntourho@house.gov,Non-binary
638,Petronilla,Brizland,pbrizlandhp@sbwire.com,Agender
639,Ricard,Pinder,rpinderhq@dailymail.co.uk,Non-binary
640,Franchot,Malacrida,fmalacridahr@ibm.com,Female
641,Reba,Bunny,rbunnyhs@github.io,Genderqueer
642,Olimpia,Mosen,omosenht@reddit.com,Agender
643,Jo-anne,Bremner,jbremnerhu@geocities.jp,Agender
644,Tybie,Filippo,tfilippohv@behance.net,Bigender
645,Carlina,Heino,cheinohw@woothemes.com,Genderqueer
646,Cathe,Silber,csilberhx@123-reg.co.uk,Polygender
647,Fredericka,Sollowaye,fsollowayehy@ted.com,Genderfluid
648,Wilt,Drackford,wdrackfordhz@howstuffworks.com,Agender
649,Orly,Haggard,ohaggardi0@imdb.com,Non-binary
650,Benton,Bundy,bbundyi1@sbwire.com,Genderqueer
651,Marv,Waldram,mwaldrami2@chronoengine.com,Polygender
652,Joycelin,Capstaff,jcapstaffi3@ezinearticles.com,Female
653,Mathew,Feake,mfeakei4@businesswire.com,Female
654,Dniren,Gabbatt,dgabbatti5@nba.com,Genderqueer
655,Muffin,Fieller,mfielleri6@reverbnation.com,Bigender
656,Farlee,Bowton,fbowtoni7@chronoengine.com,Polygender
657,Arda,Davidovich,adavidovichi8@biblegateway.com,Male
658,Bertine,Praten,bprateni9@ted.com,Bigender
659,Charlean,Lodwig,clodwigia@woothemes.com,Bigender
660,Joscelin,Balnave,jbalnaveib@who.int,Genderfluid
661,Aretha,Hoogendorp,ahoogendorpic@shareasale.com,Polygender
662,Cherye,Soppit,csoppitid@theguardian.com,Polygender
663,Leanor,Drezzer,ldrezzerie@uiuc.edu,Non-binary
664,Anette,Corsan,acorsanif@reuters.com,Non-binary
665,Pearline,Kaaskooper,pkaaskooperig@cpanel.net,Female
666,Ailina,Bulfoy,abulfoyih@nba.com,Agender
667,Kelley,Feaver,kfeaverii@blogger.com,Agender
668,Davin,Balwin,dbalwinij@sitemeter.com,Female
669,Roxane,Tully,rtullyik@hugedomains.com,Polygender
670,Teodoro,Fitchett,tfitchettil@tiny.cc,Polygender
671,Mordecai,Rehor,mrehorim@patch.com,Female
672,Aylmar,Quipp,aquippin@about.me,Polygender
673,Stephen,Durand,sdurandio@devhub.com,Bigender
674,Erena,Woodburne,ewoodburneip@skype.com,Agender
675,Obie,Overnell,oovernelliq@amazon.com,Male
676,Darla,Vuitton,dvuittonir@sfgate.com,Male
677,Brandie,Ubsdale,bubsdaleis@ibm.com,Bigender
678,Taddeo,Steward,tstewardit@github.io,Bigender
679,Reider,Brambell,rbrambelliu@theglobeandmail.com,Non-binary
680,Bernardo,Seers,bseersiv@ow.ly,Agender
681,Mathe,Torpie,mtorpieiw@surveymonkey.com,Female
682,Angelita,Vokins,avokinsix@huffingtonpost.com,Polygender
683,Essy,Tierney,etierneyiy@vk.com,Genderqueer
684,Forbes,Chatteris,fchatterisiz@alibaba.com,Genderqueer
685,Gordie,McCorry,gmccorryj0@youtu.be,Genderqueer
686,Domenic,Corsan,dcorsanj1@stumbleupon.com,Male
687,Gallard,Yvens,gyvensj2@wp.com,Male
688,Alan,Booley,abooleyj3@ucoz.ru,Female
689,Sondra,Harbron,sharbronj4@blog.com,Agender
690,Salaidh,Dayes,sdayesj5@51.la,Non-binary
691,Geri,Derks,gderksj6@woothemes.com,Male
692,Chrystel,Philippsohn,cphilippsohnj7@ameblo.jp,Female
693,Lionel,Entwisle,lentwislej8@topsy.com,Genderqueer
694,Tally,de Marco,tdemarcoj9@gizmodo.com,Male
695,Sheffie,Seckington,sseckingtonja@webmd.com,Genderqueer
696,Glynda,Dennick,gdennickjb@purevolume.com,Non-binary
697,Jaquenette,Corkett,jcorkettjc@360.cn,Female
698,Hernando,Garrat,hgarratjd@plala.or.jp,Genderfluid
699,Jesse,Duly,jdulyje@vinaora.com,Agender
700,Talbot,Sitch,tsitchjf@guardian.co.uk,Non-binary
701,Rosene,Ardling,rardlingjg@skype.com,Genderqueer
702,Mireille,Bothwell,mbothwelljh@marriott.com,Genderfluid
703,Hamilton,MacCafferky,hmaccafferkyji@imageshack.us,Male
704,Sigvard,Purselowe,spurselowejj@hao123.com,Female
705,Gerti,Crevagh,gcrevaghjk@house.gov,Genderqueer
706,Bernie,Andree,bandreejl@jalbum.net,Genderqueer
707,Sholom,Clarae,sclaraejm@huffingtonpost.com,Agender
708,Magdalena,Cloney,mcloneyjn@washingtonpost.com,Genderqueer
709,Ben,Poad,bpoadjo@blogger.com,Male
710,Dalton,Cleworth,dcleworthjp@meetup.com,Bigender
711,Cale,Gately,cgatelyjq@behance.net,Genderfluid
712,Isidoro,Minillo,iminillojr@list-manage.com,Agender
713,Spencer,Grouse,sgrousejs@fema.gov,Genderfluid
714,Mollie,Ambrose,mambrosejt@zdnet.com,Agender
715,Reuven,Spread,rspreadju@washingtonpost.com,Genderqueer
716,Lanna,Aireton,lairetonjv@ftc.gov,Bigender
717,Sharia,Gibbard,sgibbardjw@geocities.jp,Genderfluid
718,Libby,Kingshott,lkingshottjx@fotki.com,Agender
719,Ronda,Domeny,rdomenyjy@moonfruit.com,Bigender
720,Talyah,Klemt,tklemtjz@linkedin.com,Male
721,Viole,Dight,vdightk0@go.com,Polygender
722,Cornela,Long,clongk1@timesonline.co.uk,Genderqueer
723,Eloise,Holdron,eholdronk2@taobao.com,Genderfluid
724,Corrine,Bancroft,cbancroftk3@drupal.org,Polygender
725,Edwin,Andrus,eandrusk4@simplemachines.org,Female
726,Mora,Kalberer,mkalbererk5@cbslocal.com,Genderqueer
727,Wandie,Meekins,wmeekinsk6@ycombinator.com,Non-binary
728,Dag,Denyakin,ddenyakink7@ed.gov,Agender
729,Teodoor,Heggison,theggisonk8@wunderground.com,Female
730,Pippy,Curnick,pcurnickk9@twitter.com,Polygender
731,Amandi,Coulling,acoullingka@histats.com,Genderfluid
732,Paulina,Dobrovolski,pdobrovolskikb@forbes.com,Genderfluid
733,Rheba,Iacobacci,riacobaccikc@pinterest.com,Female
734,Anastassia,Braisby,abraisbykd@pbs.org,Male
735,Ernesta,Mixworthy,emixworthyke@wix.com,Genderfluid
736,Lola,Ellgood,lellgoodkf@cnet.com,Genderfluid
737,Dane,Marquis,dmarquiskg@naver.com,Agender
738,Bertrand,Tellenbach,btellenbachkh@ibm.com,Female
739,Eduino,Enticott,eenticottki@google.co.jp,Genderfluid
740,Jessa,Pruvost,jpruvostkj@businessweek.com,Genderqueer
741,Rorke,Wheatman,rwheatmankk@constantcontact.com,Non-binary
742,Gunar,Wheal,gwhealkl@hao123.com,Genderqueer
743,Lauren,Tebbitt,ltebbittkm@chicagotribune.com,Genderqueer
744,Sherwynd,Axcell,saxcellkn@jiathis.com,Female
745,Saxon,Cliss,sclissko@edublogs.org,Female
746,Adi,Drohun,adrohunkp@sogou.com,Genderqueer
747,Raimundo,Risborough,rrisboroughkq@issuu.com,Genderqueer
748,Murry,Jovicic,mjovicickr@discovery.com,Agender
749,Timmie,Aubry,taubryks@bigcartel.com,Genderfluid
750,Easter,Tallquist,etallquistkt@rambler.ru,Bigender
751,Nerti,Shafto,nshaftoku@statcounter.com,Bigender
752,Dalli,Pock,dpockkv@psu.edu,Female
753,Sheila,Fleury,sfleurykw@eepurl.com,Bigender
754,Hanson,Farres,hfarreskx@blogs.com,Polygender
755,Caitlin,Roddam,croddamky@123-reg.co.uk,Genderqueer
756,Morse,Vignaux,mvignauxkz@newsvine.com,Non-binary
757,Morie,Enderlein,menderleinl0@com.com,Bigender
758,Dusty,Edney,dedneyl1@usnews.com,Non-binary
759,Tiphanie,Hammerberg,thammerbergl2@pen.io,Genderfluid
760,Van,Zebedee,vzebedeel3@tamu.edu,Agender
761,Marco,Percy,mpercyl4@opensource.org,Female
762,Lorettalorna,Archdeacon,larchdeaconl5@163.com,Agender
763,Huntington,Stilgoe,hstilgoel6@ca.gov,Polygender
764,Reece,Trow,rtrowl7@nydailynews.com,Male
765,Evonne,Roggeman,eroggemanl8@samsung.com,Genderqueer
766,Dasya,Hackelton,dhackeltonl9@360.cn,Genderfluid
767,Bartholemy,Fines,bfinesla@si.edu,Genderfluid
768,Town,Adrian,tadrianlb@nytimes.com,Bigender
769,Marga,Boydle,mboydlelc@facebook.com,Genderqueer
770,Tailor,Riccioppo,triccioppold@ucla.edu,Bigender
771,Moreen,McGiven,mmcgivenle@sitemeter.com,Non-binary
772,Chick,Endricci,cendriccilf@skype.com,Bigender
773,Livy,Folland,lfollandlg@goo.ne.jp,Female
774,Dorrie,MacKibbon,dmackibbonlh@nba.com,Male
775,Hazel,Hawse,hhawseli@va.gov,Genderfluid
776,Barnebas,Jarville,bjarvillelj@smh.com.au,Polygender
777,Carlye,Targe,ctargelk@gravatar.com,Genderqueer
778,Deerdre,Helstrom,dhelstromll@addthis.com,Female
779,Carly,Opdenort,copdenortlm@flickr.com,Female
780,Gris,Brissenden,gbrissendenln@guardian.co.uk,Non-binary
781,Marita,Stovine,mstovinelo@imdb.com,Male
782,Fionnula,Igo,figolp@deviantart.com,Genderqueer
783,Link,Broader,lbroaderlq@myspace.com,Polygender
784,Mariska,Ogle,moglelr@mail.ru,Bigender
785,Randall,Deacock,rdeacockls@zimbio.com,Non-binary
786,Tyrone,Gerding,tgerdinglt@sphinn.com,Polygender
787,Carolynn,Strugnell,cstrugnelllu@hostgator.com,Polygender
788,Diena,McIlwrick,dmcilwricklv@hud.gov,Bigender
789,Jason,Nayshe,jnayshelw@redcross.org,Polygender
790,Kristoffer,Vennard,kvennardlx@indiegogo.com,Genderfluid
791,Cornela,Brayson,cbraysonly@eepurl.com,Female
792,Jeffrey,Stovell,jstovelllz@examiner.com,Non-binary
793,Thorndike,Sijmons,tsijmonsm0@tripadvisor.com,Polygender
794,Annette,Reedman,areedmanm1@pen.io,Non-binary
795,Shelley,Mandry,smandrym2@goo.gl,Male
796,Ham,Marden,hmardenm3@friendfeed.com,Genderqueer
797,Irene,Zolini,izolinim4@virginia.edu,Agender
798,Nester,Paolacci,npaolaccim5@comcast.net,Female
799,Jud,Bancroft,jbancroftm6@tuttocitta.it,Female
800,Revkah,Leschelle,rleschellem7@elegantthemes.com,Non-binary
801,Lotta,Seals,lsealsm8@cbslocal.com,Agender
802,Ester,Koomar,ekoomarm9@rambler.ru,Genderfluid
803,Alfi,Lidster,alidsterma@yellowpages.com,Male
804,Bartram,Mewis,bmewismb@wufoo.com,Bigender
805,Mariel,Rossbrook,mrossbrookmc@yale.edu,Male
806,Dionisio,Lisle,dlislemd@umich.edu,Male
807,Anabelle,Rickards,arickardsme@jalbum.net,Polygender
808,Alick,Glanvill,aglanvillmf@cnet.com,Male
809,Carmen,McGuff,cmcguffmg@army.mil,Genderfluid
810,Lavinia,Spellacy,lspellacymh@51.la,Genderqueer
811,Merrel,Mallon,mmallonmi@quantcast.com,Bigender
812,Burk,Collyer,bcollyermj@desdev.cn,Non-binary
813,Francis,Gooley,fgooleymk@t.co,Agender
814,Fredek,Pandey,fpandeyml@skype.com,Male
815,Drucy,Sinkings,dsinkingsmm@accuweather.com,Non-binary
816,Abramo,Tilbury,atilburymn@nhs.uk,Genderfluid
817,Corny,Punch,cpunchmo@about.com,Agender
818,Lenci,Von Helmholtz,lvonhelmholtzmp@imgur.com,Non-binary
819,Sybila,Junkinson,sjunkinsonmq@archive.org,Genderqueer
820,Nance,Durston,ndurstonmr@yahoo.com,Genderfluid
821,Jobye,Heyburn,jheyburnms@t-online.de,Non-binary
822,Babara,Rosenbaum,brosenbaummt@tinypic.com,Polygender
823,Claudie,Vesty,cvestymu@oaic.gov.au,Agender
824,Ruy,Kemsley,rkemsleymv@ihg.com,Genderfluid
825,Marley,Ewbanche,mewbanchemw@printfriendly.com,Bigender
826,Micky,Groger,mgrogermx@amazonaws.com,Agender
827,Hatti,Hammarberg,hhammarbergmy@yahoo.co.jp,Bigender
828,Hershel,Kock,hkockmz@usda.gov,Bigender
829,Perry,Levecque,plevecquen0@oracle.com,Male
830,Nerissa,Mabone,nmabonen1@columbia.edu,Genderfluid
831,Leoine,Raistrick,lraistrickn2@blogtalkradio.com,Non-binary
832,Bambi,Swyn,bswynn3@apple.com,Genderfluid
833,Nicolina,Flight,nflightn4@google.pl,Non-binary
834,Magda,Heustice,mheusticen5@reverbnation.com,Bigender
835,Lew,Tonks,ltonksn6@yandex.ru,Non-binary
836,Nathanil,Chattock,nchattockn7@reddit.com,Genderqueer
837,Sharl,Weekly,sweeklyn8@go.com,Female
838,Baillie,Heathorn,bheathornn9@xrea.com,Polygender
839,Vanna,Tatum,vtatumna@xing.com,Genderfluid
840,Hillary,Leng,hlengnb@dedecms.com,Polygender
841,Colin,Bigham,cbighamnc@comsenz.com,Genderqueer
842,Mischa,Welldrake,mwelldrakend@fastcompany.com,Female
843,Tonie,Benham,tbenhamne@uiuc.edu,Genderfluid
844,Charline,Jefferys,cjefferysnf@irs.gov,Agender
845,Enrichetta,O'Carrol,eocarrolng@prlog.org,Agender
846,Tasha,Percy,tpercynh@wp.com,Agender
847,Maje,Isaacson,misaacsonni@mozilla.com,Bigender
848,Liv,Hearnshaw,lhearnshawnj@t-online.de,Genderqueer
849,Elyssa,Leaves,eleavesnk@ovh.net,Polygender
850,Annette,Dozdill,adozdillnl@alexa.com,Non-binary
851,Moll,Richel,mrichelnm@cdc.gov,Non-binary
852,Mendy,Fend,mfendnn@multiply.com,Male
853,Gracie,Manach,gmanachno@wsj.com,Polygender
854,Chucho,Gerold,cgeroldnp@vinaora.com,Genderfluid
855,Bryce,Luckey,bluckeynq@cafepress.com,Genderqueer
856,Ariel,Cannam,acannamnr@rambler.ru,Female
857,Thedric,Corey,tcoreyns@tripod.com,Male
858,Cosette,Langdale,clangdalent@tiny.cc,Bigender
859,Janel,Treece,jtreecenu@dailymotion.com,Genderfluid
860,Shurlock,Bennallck,sbennallcknv@adobe.com,Genderqueer
861,Honoria,Hawkeswood,hhawkeswoodnw@adobe.com,Female
862,Orbadiah,Durden,odurdennx@list-manage.com,Bigender
863,Dilan,Seman,dsemanny@cloudflare.com,Female
864,Roosevelt,Bibey,rbibeynz@ed.gov,Female
865,Megen,Durtnal,mdurtnalo0@last.fm,Female
866,Mayor,McCaffery,mmccafferyo1@shop-pro.jp,Non-binary
867,Vinni,Shanahan,vshanahano2@deviantart.com,Genderfluid
868,Ebeneser,Roxbrough,eroxbrougho3@1688.com,Agender
869,Eb,Cogswell,ecogswello4@reference.com,Agender
870,Robbi,Wilde,rwildeo5@dedecms.com,Agender
871,Nanny,Minto,nmintoo6@tripod.com,Genderfluid
872,Kylila,Heffernan,kheffernano7@nbcnews.com,Bigender
873,Jonis,Dauncey,jdaunceyo8@people.com.cn,Agender
874,Belvia,Brandenburg,bbrandenburgo9@home.pl,Genderfluid
875,Rik,Clausius,rclausiusoa@booking.com,Agender
876,Morton,Juarez,mjuarezob@de.vu,Female
877,Edvard,Patise,epatiseoc@ucoz.com,Genderqueer
878,Harrietta,Balmadier,hbalmadierod@nba.com,Male
879,Curcio,Livingstone,clivingstoneoe@google.de,Genderqueer
880,Edlin,Abriani,eabrianiof@wunderground.com,Non-binary
881,Quentin,Antoniou,qantoniouog@godaddy.com,Genderqueer
882,Alva,Hamil,ahamiloh@cmu.edu,Female
883,Karel,Lornsen,klornsenoi@opensource.org,Genderqueer
884,Ingrid,Krysztowczyk,ikrysztowczykoj@yolasite.com,Genderqueer
885,Marc,Hugnot,mhugnotok@craigslist.org,Female
886,Marwin,Whinney,mwhinneyol@ox.ac.uk,Genderqueer
887,Otho,Verrell,overrellom@unicef.org,Genderqueer
888,Corey,Timlett,ctimletton@wikia.com,Bigender
889,Roma,Dullingham,rdullinghamoo@wired.com,Genderfluid
890,Catrina,Neath,cneathop@yellowpages.com,Bigender
891,Marielle,Kearn,mkearnoq@unc.edu,Female
892,Dalston,Wookey,dwookeyor@dedecms.com,Female
893,Chip,Klaessen,cklaessenos@reddit.com,Male
894,Nicolle,Riddock,nriddockot@narod.ru,Agender
895,Angelia,Dufer,aduferou@alibaba.com,Genderqueer
896,Gabi,Julian,gjulianov@cdbaby.com,Bigender
897,Darcey,Domenichelli,ddomenichelliow@forbes.com,Genderqueer
898,Stephanus,Brennenstuhl,sbrennenstuhlox@netvibes.com,Female
899,Sula,Grimmer,sgrimmeroy@github.io,Female
900,Jeff,Kuhlen,jkuhlenoz@posterous.com,Agender
901,Diena,Beevers,dbeeversp0@1und1.de,Polygender
902,Jamison,Brightling,jbrightlingp1@ed.gov,Male
903,Husein,Brigg,hbriggp2@technorati.com,Polygender
904,Juliet,Oliveti,jolivetip3@fda.gov,Non-binary
905,Carrissa,Girardengo,cgirardengop4@hugedomains.com,Bigender
906,Star,Fishbourne,sfishbournep5@usgs.gov,Genderfluid
907,Ardelis,Pearcy,apearcyp6@ed.gov,Agender
908,Demetra,Rotham,drothamp7@cbc.ca,Male
909,Alberta,Betty,abettyp8@tripadvisor.com,Polygender
910,Brandie,Maly,bmalyp9@miibeian.gov.cn,Polygender
911,Xylia,Plaide,xplaidepa@mit.edu,Polygender
912,Farand,Holhouse,fholhousepb@feedburner.com,Agender
913,Morgana,Bly,mblypc@hostgator.com,Genderqueer
914,Sapphira,Dominick,sdominickpd@reverbnation.com,Male
915,Tatiania,Rosenzveig,trosenzveigpe@nyu.edu,Agender
916,Tobiah,Cremin,tcreminpf@army.mil,Female
917,Rosalyn,McGuckin,rmcguckinpg@etsy.com,Non-binary
918,Gloria,Donnett,gdonnettph@geocities.jp,Agender
919,Marice,Wyldes,mwyldespi@wix.com,Male
920,Eugenia,Copnall,ecopnallpj@kickstarter.com,Polygender
921,Tamas,Dearell,tdearellpk@jalbum.net,Genderfluid
922,Hansiain,Skrzynski,hskrzynskipl@engadget.com,Bigender
923,Jacquette,Pretsell,jpretsellpm@google.pl,Genderfluid
924,Lorelle,Langforth,llangforthpn@live.com,Bigender
925,Vernon,O'Gorman,vogormanpo@blogs.com,Genderfluid
926,Sander,Risborough,srisboroughpp@feedburner.com,Male
927,Kimball,Norledge,knorledgepq@cornell.edu,Genderqueer
928,Alley,Ascraft,aascraftpr@epa.gov,Genderfluid
929,Charissa,Caldaro,ccaldarops@symantec.com,Genderfluid
930,Cassie,Corzor,ccorzorpt@livejournal.com,Agender
931,Mar,Farrow,mfarrowpu@ed.gov,Female
932,Rosalinda,Kimm,rkimmpv@xrea.com,Genderfluid
933,Dalila,Cruxton,dcruxtonpw@foxnews.com,Polygender
934,Paton,Lockitt,plockittpx@godaddy.com,Polygender
935,Nelle,Aloigi,naloigipy@dmoz.org,Polygender
936,Meridel,Forber,mforberpz@cornell.edu,Polygender
937,Rudie,Coil,rcoilq0@ca.gov,Female
938,Benoite,Feitosa,bfeitosaq1@edublogs.org,Genderfluid
939,Stern,Bates,sbatesq2@purevolume.com,Agender
940,Valerye,Whitwell,vwhitwellq3@geocities.jp,Non-binary
941,Allayne,Akram,aakramq4@1und1.de,Genderfluid
942,Gallard,Ainley,gainleyq5@mail.ru,Bigender
943,Janette,MacFadzan,jmacfadzanq6@ning.com,Agender
944,Nowell,Himsworth,nhimsworthq7@github.io,Non-binary
945,Antonino,Gaspard,agaspardq8@netvibes.com,Polygender
946,Andra,Plenderleith,aplenderleithq9@plala.or.jp,Agender
947,Phoebe,Waryk,pwarykqa@buzzfeed.com,Bigender
948,Ellis,Shevlane,eshevlaneqb@wikia.com,Male
949,Marji,Reichhardt,mreichhardtqc@blinklist.com,Female
950,Deva,Cunningham,dcunninghamqd@csmonitor.com,Bigender
951,Margeaux,McIlherran,mmcilherranqe@sciencedaily.com,Agender
952,Benny,Bogays,bbogaysqf@squarespace.com,Non-binary
953,Karel,Landell,klandellqg@macromedia.com,Male
954,Upton,Lombardo,ulombardoqh@ucsd.edu,Polygender
955,Laetitia,Jewkes,ljewkesqi@yale.edu,Genderqueer
956,Levin,Kobpa,lkobpaqj@163.com,Genderqueer
957,Quintilla,Bome,qbomeqk@ihg.com,Bigender
958,Zack,Dumberell,zdumberellql@mail.ru,Genderqueer
959,Bethanne,Reiglar,breiglarqm@seattletimes.com,Genderqueer
960,Evan,Le Port,eleportqn@joomla.org,Polygender
961,Jermaine,Hauxwell,jhauxwellqo@networkadvertising.org,Non-binary
962,Sherye,Dinkin,sdinkinqp@disqus.com,Non-binary
963,Gaye,Heazel,gheazelqq@homestead.com,Non-binary
964,Chrissy,Spurling,cspurlingqr@ebay.com,Genderqueer
965,Merrie,Brumen,mbrumenqs@state.gov,Female
966,Corinne,Giotto,cgiottoqt@istockphoto.com,Agender
967,Christean,Vasishchev,cvasishchevqu@dmoz.org,Non-binary
968,Julee,Joice,jjoiceqv@cisco.com,Agender
969,Michel,Chiese,mchieseqw@booking.com,Genderqueer
970,Marve,Lethbury,mlethburyqx@webs.com,Agender
971,Berky,Alecock,balecockqy@quantcast.com,Non-binary
972,Berte,Droghan,bdroghanqz@vistaprint.com,Genderqueer
973,Benjie,Sobey,bsobeyr0@chronoengine.com,Bigender
974,Zahara,Mouget,zmougetr1@japanpost.jp,Genderfluid
975,Helaine,Hartlebury,hhartleburyr2@1688.com,Male
976,Luci,Castelot,lcastelotr3@mail.ru,Genderfluid
977,Jed,Di Nisco,jdiniscor4@utexas.edu,Non-binary
978,Griffith,Mickleborough,gmickleboroughr5@dion.ne.jp,Male
979,Tanitansy,Spohr,tspohrr6@cnet.com,Female
980,Willi,Lomaz,wlomazr7@sfgate.com,Female
981,Yves,Longman,ylongmanr8@nsw.gov.au,Bigender
982,Geri,Croot,gcrootr9@princeton.edu,Genderqueer
983,Raynell,Chatenier,rchatenierra@freewebs.com,Bigender
984,Trevor,Osbidston,tosbidstonrb@topsy.com,Genderqueer
985,Joline,Jestico,jjesticorc@prweb.com,Bigender
986,Duffie,Krysztofowicz,dkrysztofowiczrd@google.es,Agender
987,Karoline,Tossell,ktossellre@dedecms.com,Genderqueer
988,Marylee,Shemilt,mshemiltrf@blinklist.com,Female
989,Christie,Skene,cskenerg@google.com.br,Female
990,Sherlocke,Suddell,ssuddellrh@twitpic.com,Polygender
991,Jeanette,Weal,jwealri@sun.com,Genderfluid
992,Tabbitha,Dumbelton,tdumbeltonrj@odnoklassniki.ru,Agender
993,Melany,Camilleri,mcamillerirk@nymag.com,Genderfluid
994,Barde,Kiley,bkileyrl@cpanel.net,Agender
995,Vannie,Francombe,vfrancomberm@google.com.br,Genderqueer
996,Jaquith,MacKimm,jmackimmrn@state.gov,Male
997,Delcina,Simnell,dsimnellro@upenn.edu,Agender
998,Bertie,Semkins,bsemkinsrp@g.co,Genderqueer
999,Rica,Miguet,rmiguetrq@vinaora.com,Polygender
1000,Sheree,Elen,selenrr@yelp.com,Agender
